simulation	scenario	maxUsers	request	start	startDate	duration	end	count	successCount	errorCount	min	p50	p90	p95	p99	max	avg	stddev	rps	apdex	rating
controlplanesimulation	simulations.ControlPlaneSimulation	50	_all	1637300434157	2021-11-19 05:40:34	377.53	1637300811682	30250	30250	0	17	25	31	34	46	2234	27.28	43	80.13	1.00	Excellent
controlplanesimulation	null	50	Get list of registry instances	1637300434157	2021-11-19 05:40:34	377.53	1637300810614	15000	15000	0	17	24	30	34	45	83	25.17	4	39.73	1.00	Excellent
controlplanesimulation	null	50	Get instance url	1637300434157	2021-11-19 05:40:34	377.53	1637300811141	15050	15050	0	17	25	31	34	45	77	25.89	4	39.86	1.00	Excellent
controlplanesimulation	null	50	Check instance status	1637300434157	2021-11-19 05:40:34	377.53	1637300495568	100	100	0	20	26	34	42	53	54	28.05	5	0.26	1.00	Excellent
controlplanesimulation	null	50	Delete registry instance	1637300434157	2021-11-19 05:40:34	377.53	1637300811682	50	50	0	24	38	45	48	61	61	37.06	7	0.13	1.00	Excellent
controlplanesimulation	null	50	Create registry instance	1637300434157	2021-11-19 05:40:34	377.53	1637300494516	50	50	0	894	1016	1211	1365	2234	2234	1065.64	203	0.13	0.98	Excellent
controlplanesimulation	simulations.ControlPlaneSimulation	50	_all	1637646054945	2021-11-23 05:40:54	377.88	1637646432823	30250	30250	0	20	26	32	36	50	1882	29.02	50	80.05	1.00	Excellent
controlplanesimulation	null	50	Get list of registry instances	1637646054945	2021-11-23 05:40:54	377.88	1637646431757	15000	15000	0	20	25	32	35	47	262	26.51	5	39.70	1.00	Excellent
controlplanesimulation	null	50	Get instance url	1637646054945	2021-11-23 05:40:54	377.88	1637646432281	15050	15050	0	21	26	33	36	50	454	27.42	6	39.83	1.00	Excellent
controlplanesimulation	null	50	Check instance status	1637646054945	2021-11-23 05:40:54	377.88	1637646116231	100	100	0	23	28	36	41	287	290	32.55	26	0.26	1.00	Excellent
controlplanesimulation	null	50	Delete registry instance	1637646054945	2021-11-23 05:40:54	377.88	1637646432823	50	50	0	29	39	44	49	54	54	38.76	5	0.13	1.00	Excellent
controlplanesimulation	null	50	Create registry instance	1637646054945	2021-11-23 05:40:54	377.88	1637646115180	50	50	0	990	1194	1645	1710	1882	1882	1246.84	212	0.13	0.93	Good
controlplanesimulation	simulations.ControlPlaneSimulation	50	_all	1637732424297	2021-11-24 05:40:24	377.73	1637732802026	30250	30250	0	19	25	30	33	44	1940	27.20	44	80.08	1.00	Excellent
controlplanesimulation	null	50	Get list of registry instances	1637732424297	2021-11-24 05:40:24	377.73	1637732800958	15000	15000	0	19	24	29	32	42	78	25.04	4	39.71	1.00	Excellent
controlplanesimulation	null	50	Get instance url	1637732424297	2021-11-24 05:40:24	377.73	1637732801485	15050	15050	0	19	25	30	33	42	70	25.74	4	39.84	1.00	Excellent
controlplanesimulation	null	50	Check instance status	1637732424297	2021-11-24 05:40:24	377.73	1637732485465	100	100	0	21	26	36	39	85	86	28.30	9	0.26	1.00	Excellent
controlplanesimulation	null	50	Delete registry instance	1637732424297	2021-11-24 05:40:24	377.73	1637732802026	50	50	0	27	37	50	57	78	78	38.54	9	0.13	1.00	Excellent
controlplanesimulation	null	50	Create registry instance	1637732424297	2021-11-24 05:40:24	377.73	1637732484407	50	50	0	709	1089	1351	1609	1940	1940	1100.10	236	0.13	0.98	Excellent
controlplanesimulation	simulations.ControlPlaneSimulation	50	_all	1637818841079	2021-11-25 05:40:41	377.46	1637819218537	30250	30250	0	20	26	32	35	49	2526	29.30	56	80.14	1.00	Excellent
controlplanesimulation	null	50	Get list of registry instances	1637818841079	2021-11-25 05:40:41	377.46	1637819217436	15000	15000	0	20	25	31	35	47	80	26.65	4	39.74	1.00	Excellent
controlplanesimulation	null	50	Get instance url	1637818841079	2021-11-25 05:40:41	377.46	1637819217963	15050	15050	0	20	26	32	35	48	82	27.43	4	39.87	1.00	Excellent
controlplanesimulation	null	50	Check instance status	1637818841079	2021-11-25 05:40:41	377.46	1637818902654	100	100	0	23	29	37	44	100	101	31.34	10	0.26	1.00	Excellent
controlplanesimulation	null	50	Delete registry instance	1637818841079	2021-11-25 05:40:41	377.46	1637819218537	50	50	0	29	39	47	59	74	74	40.28	8	0.13	1.00	Excellent
controlplanesimulation	null	50	Create registry instance	1637818841079	2021-11-25 05:40:41	377.46	1637818901598	50	50	0	976	1224	1851	2324	2526	2526	1372.18	354	0.13	0.87	Good
controlplanesimulation	simulations.ControlPlaneSimulation	50	_all	1637906052018	2021-11-26 05:54:12	376.11	1637906428126	30250	30250	0	17	24	30	34	53	1748	27.55	46	80.43	1.00	Excellent
controlplanesimulation	null	50	Get list of registry instances	1637906052018	2021-11-26 05:54:12	376.11	1637906427071	15000	15000	0	17	24	30	33	49	108	25.32	5	39.88	1.00	Excellent
controlplanesimulation	null	50	Get instance url	1637906052018	2021-11-26 05:54:12	376.11	1637906427593	15050	15050	0	17	25	31	34	51	105	25.98	5	40.02	1.00	Excellent
controlplanesimulation	null	50	Check instance status	1637906052018	2021-11-26 05:54:12	376.11	1637906113172	100	100	0	22	28	38	44	77	78	29.94	9	0.27	1.00	Excellent
controlplanesimulation	null	50	Delete registry instance	1637906052018	2021-11-26 05:54:12	376.11	1637906428126	50	50	0	27	37	44	57	96	96	38.18	10	0.13	1.00	Excellent
controlplanesimulation	null	50	Create registry instance	1637906052018	2021-11-26 05:54:12	376.11	1637906112123	50	50	0	897	1120	1295	1592	1748	1748	1152.50	164	0.13	0.97	Excellent
controlplanesimulation	simulations.ControlPlaneSimulation	50	_all	1638250826398	2021-11-30 05:40:26	377.39	1638251203792	30251	30251	0	17	24	30	33	43	9774	27.08	69	80.16	1.00	Excellent
controlplanesimulation	null	50	Get list of registry instances	1638250826398	2021-11-30 05:40:26	377.39	1638251202731	15000	15000	0	17	24	29	32	41	241	24.74	4	39.75	1.00	Excellent
controlplanesimulation	null	50	Get instance url	1638250826398	2021-11-30 05:40:26	377.39	1638251203257	15050	15050	0	18	25	30	33	42	243	25.46	5	39.88	1.00	Excellent
controlplanesimulation	null	50	Check instance status	1638250826398	2021-11-30 05:40:26	377.39	1638250887753	101	101	0	20	26	32	35	58	59	26.36	5	0.27	1.00	Excellent
controlplanesimulation	null	50	Delete registry instance	1638250826398	2021-11-30 05:40:26	377.39	1638251203792	50	50	0	28	35	40	44	49	49	34.98	4	0.13	1.00	Excellent
controlplanesimulation	null	50	Create registry instance	1638250826398	2021-11-30 05:40:26	377.39	1638250886701	50	50	0	845	999	1258	1461	9774	9774	1211.34	1243	0.13	0.97	Excellent
controlplanesimulation	simulations.ControlPlaneSimulation	50	_all	1638337252793	2021-12-01 05:40:52	375.17	1638337627964	30250	30250	0	17	24	29	32	46	923	25.58	23	80.63	1.00	Excellent
controlplanesimulation	null	50	Get list of registry instances	1638337252793	2021-12-01 05:40:52	375.17	1638337626903	15000	15000	0	17	23	28	31	45	81	24.28	4	39.98	1.00	Excellent
controlplanesimulation	null	50	Get instance url	1638337252793	2021-12-01 05:40:52	375.17	1638337627429	15050	15050	0	18	24	29	32	44	81	24.97	4	40.12	1.00	Excellent
controlplanesimulation	null	50	Check instance status	1638337252793	2021-12-01 05:40:52	375.17	1638337313362	100	100	0	19	26	36	39	54	55	27.48	6	0.27	1.00	Excellent
controlplanesimulation	null	50	Delete registry instance	1638337252793	2021-12-01 05:40:52	375.17	1638337627964	50	50	0	24	35	44	47	92	92	36.04	10	0.13	1.00	Excellent
controlplanesimulation	null	50	Create registry instance	1638337252793	2021-12-01 05:40:52	375.17	1638337312313	50	50	0	456	534	820	882	923	923	585.42	125	0.13	1.00	Excellent
controlplanesimulation	simulations.ControlPlaneSimulation	50	_all	1638423628140	2021-12-02 05:40:28	376.18	1638424004322	30249	30249	0	17	24	30	33	46	10841	27.01	71	80.41	1.00	Excellent
controlplanesimulation	null	50	Get list of registry instances	1638423628140	2021-12-02 05:40:28	376.18	1638424003271	15000	15000	0	17	24	29	33	43	100	24.87	5	39.87	1.00	Excellent
controlplanesimulation	null	50	Get instance url	1638423628140	2021-12-02 05:40:28	376.18	1638424003791	15050	15050	0	18	24	30	33	44	103	25.57	5	40.01	1.00	Excellent
controlplanesimulation	null	50	Check instance status	1638423628140	2021-12-02 05:40:28	376.18	1638423689031	99	99	0	20	25	32	35	50	50	26.32	4	0.26	1.00	Excellent
controlplanesimulation	null	50	Delete registry instance	1638423628140	2021-12-02 05:40:28	376.18	1638424004322	50	50	0	26	35	42	45	47	47	35.22	5	0.13	1.00	Excellent
controlplanesimulation	null	50	Create registry instance	1638423628140	2021-12-02 05:40:28	376.18	1638423687980	50	50	0	777	874	1074	1083	10841	10841	1094.08	1408	0.13	0.98	Excellent
controlplanesimulation	simulations.ControlPlaneSimulation	50	_all	1638510042228	2021-12-03 05:40:42	375.76	1638510417986	30258	29945	313	19	24	30	34	47	1264	26.91	35	79.69	1.00	Excellent
controlplanesimulation	null	50	Get list of registry instances	1638510042228	2021-12-03 05:40:42	375.76	1638510416924	15000	15000	0	19	24	30	33	45	91	25.23	4	39.92	1.00	Excellent
controlplanesimulation	null	50	Get instance url	1638510042228	2021-12-03 05:40:42	375.76	1638510417457	15050	14749	301	19	25	30	34	46	94	25.74	4	39.25	1.00	Excellent
controlplanesimulation	null	50	Check instance status	1638510042228	2021-12-03 05:40:42	375.76	1638510103156	108	98	10	21	26	32	36	84	86	27.95	8	0.26	1.00	Excellent
controlplanesimulation	null	50	Delete registry instance	1638510042228	2021-12-03 05:40:42	375.76	1638510417986	50	49	1	21	32	41	44	46	46	33.82	5	0.13	1.00	Excellent
controlplanesimulation	null	50	Create registry instance	1638510042228	2021-12-03 05:40:42	375.76	1638510102102	50	49	1	197	847	1062	1167	1264	1264	875.94	152	0.13	1.00	Excellent
controlplanesimulation	simulations.ControlPlaneSimulation	50	_all	1638855644114	2021-12-07 05:40:44	376.26	1638856020378	30257	29944	313	19	24	30	33	45	1288	26.56	34	79.58	1.00	Excellent
controlplanesimulation	null	50	Get list of registry instances	1638855644114	2021-12-07 05:40:44	376.26	1638856019316	15000	15000	0	19	24	29	33	43	163	24.89	4	39.87	1.00	Excellent
controlplanesimulation	null	50	Get instance url	1638855644114	2021-12-07 05:40:44	376.26	1638856019848	15050	14749	301	19	24	30	33	45	167	25.42	4	39.20	1.00	Excellent
controlplanesimulation	null	50	Check instance status	1638855644114	2021-12-07 05:40:44	376.26	1638855705026	107	97	10	20	25	35	37	158	168	27.82	14	0.26	1.00	Excellent
controlplanesimulation	null	50	Delete registry instance	1638855644114	2021-12-07 05:40:44	376.26	1638856020378	50	49	1	22	32	41	59	64	64	34.90	8	0.13	1.00	Excellent
controlplanesimulation	null	50	Create registry instance	1638855644114	2021-12-07 05:40:44	376.26	1638855703974	50	49	1	82	834	1111	1175	1288	1288	860.02	171	0.13	1.00	Excellent
controlplanesimulation	simulations.ControlPlaneSimulation	50	_all	1638942163145	2021-12-08 05:42:43	377.33	1638942540475	30258	29945	313	19	25	31	35	47	1762	27.24	37	79.36	1.00	Excellent
controlplanesimulation	null	50	Get list of registry instances	1638942163145	2021-12-08 05:42:43	377.33	1638942539406	15000	15000	0	19	24	30	34	45	91	25.45	4	39.75	1.00	Excellent
controlplanesimulation	null	50	Get instance url	1638942163145	2021-12-08 05:42:43	377.33	1638942539932	15050	14749	301	20	25	31	35	47	105	26.05	4	39.09	1.00	Excellent
controlplanesimulation	null	50	Check instance status	1638942163145	2021-12-08 05:42:43	377.33	1638942223970	108	98	10	21	25	32	37	64	66	27.00	5	0.26	1.00	Excellent
controlplanesimulation	null	50	Delete registry instance	1638942163145	2021-12-08 05:42:43	377.33	1638942540475	50	49	1	22	33	44	56	59	59	35.46	7	0.13	1.00	Excellent
controlplanesimulation	null	50	Create registry instance	1638942163145	2021-12-08 05:42:43	377.33	1638942222917	50	49	1	87	866	1085	1530	1762	1762	913.64	240	0.13	0.98	Excellent
controlplanesimulation	simulations.ControlPlaneSimulation	50	_all	1639028436953	2021-12-09 05:40:36	376.26	1639028813216	30265	29639	626	19	25	31	35	47	1019	27.27	34	78.77	1.00	Excellent
controlplanesimulation	null	50	Get list of registry instances	1639028436953	2021-12-09 05:40:36	376.26	1639028812153	15000	15000	0	20	24	31	34	46	111	25.64	4	39.87	1.00	Excellent
controlplanesimulation	null	50	Get instance url	1639028436953	2021-12-09 05:40:36	376.26	1639028812686	15050	14448	602	19	25	31	35	47	77	26.15	4	38.40	1.00	Excellent
controlplanesimulation	null	50	Check instance status	1639028436953	2021-12-09 05:40:36	376.26	1639028497853	115	95	20	21	25	35	38	52	53	27.00	5	0.25	1.00	Excellent
controlplanesimulation	null	50	Delete registry instance	1639028436953	2021-12-09 05:40:36	376.26	1639028813216	50	48	2	23	33	44	56	68	68	35.22	8	0.13	1.00	Excellent
controlplanesimulation	null	50	Create registry instance	1639028436953	2021-12-09 05:40:36	376.26	1639028496802	50	48	2	57	858	975	999	1019	1019	844.86	172	0.13	1.00	Excellent
controlplanesimulation	simulations.ControlPlaneSimulation	50	_all	1639114836796	2021-12-10 05:40:36	376.77	1639115213569	30249	30249	0	17	24	29	32	45	1424	26.19	38	80.28	1.00	Excellent
controlplanesimulation	null	50	Get list of registry instances	1639114836796	2021-12-10 05:40:36	376.77	1639115212503	15000	15000	0	17	23	29	32	42	80	24.25	4	39.81	1.00	Excellent
controlplanesimulation	null	50	Get instance url	1639114836796	2021-12-10 05:40:36	376.77	1639115213027	15050	15050	0	17	24	29	32	44	154	25.04	5	39.94	1.00	Excellent
controlplanesimulation	null	50	Check instance status	1639114836796	2021-12-10 05:40:36	376.77	1639114897697	99	99	0	19	26	34	37	55	55	26.60	4	0.26	1.00	Excellent
controlplanesimulation	null	50	Delete registry instance	1639114836796	2021-12-10 05:40:36	376.77	1639115213569	50	50	0	26	36	41	42	45	45	35.92	4	0.13	1.00	Excellent
controlplanesimulation	null	50	Create registry instance	1639114836796	2021-12-10 05:40:36	376.77	1639114896644	50	50	0	748	883	1303	1354	1424	1424	943.18	182	0.13	1.00	Excellent
